"DESCRIPTION","DURATION IN MS","NAME","PARENT SUITE","START TIME","STATUS","STOP TIME","SUB SUITE","SUITE","TEST CLASS","TEST METHOD"
"","8576","DataDriven Testing using Trends and J5TKD6","chromium","2026-04-02","failed","2026-04-02","","dataDrivenTesting.spec.js","",""
"","235","adactin","webkit","2026-04-02","failed","2026-04-02","","adactin.spec.js","",""
"","7341","DataDriven Testing using and","chromium","2026-04-02","failed","2026-04-02","","dataDrivenTesting.spec.js","",""
"","3866","DataDriven Testing using Trends06208 and J5TKD6","firefox","2026-04-02","passed","2026-04-02","","dataDrivenTesting.spec.js","",""
"","8359","DataDriven Testing using Trends06208 and J5T","firefox","2026-04-02","failed","2026-04-02","","dataDrivenTesting.spec.js","",""
"","2816","DataDriven Testing using Trends06208 and J5TKD6","chromium","2026-04-02","passed","2026-04-02","","dataDrivenTesting.spec.js","",""
"","7093","DataDriven Testing using Trends0 and J5T","chromium","2026-04-02","failed","2026-04-02","","dataDrivenTesting.spec.js","",""
"","8722","DataDriven Testing using and","firefox","2026-04-02","failed","2026-04-02","","dataDrivenTesting.spec.js","",""
"","8834","DataDriven Testing using Trends0 and J5T","firefox","2026-04-02","failed","2026-04-02","","dataDrivenTesting.spec.js","",""
"","4634","DataDriven Testing using Trends06208 and J5TKD6","webkit","2026-04-02","passed","2026-04-02","","dataDrivenTesting.spec.js","",""
"","9056","DataDriven Testing using Trends and J5TKD6","webkit","2026-04-02","failed","2026-04-02","","dataDrivenTesting.spec.js","",""
"","7284","DataDriven Testing using Trends06208 and J5T","chromium","2026-04-02","failed","2026-04-02","","dataDrivenTesting.spec.js","",""
"","81","adactin","chromium","2026-04-02","failed","2026-04-02","","adactin.spec.js","",""
"","8845","DataDriven Testing using Trends and J5TKD6","firefox","2026-04-02","failed","2026-04-02","","dataDrivenTesting.spec.js","",""
"","9102","DataDriven Testing using and","webkit","2026-04-02","failed","2026-04-02","","dataDrivenTesting.spec.js","",""
"","8808","DataDriven Testing using Trends0 and J5T","webkit","2026-04-02","failed","2026-04-02","","dataDrivenTesting.spec.js","",""
"","8868","DataDriven Testing using Trends06208 and J5T","webkit","2026-04-02","failed","2026-04-02","","dataDrivenTesting.spec.js","",""
"","914","adactin","firefox","2026-04-02","failed","2026-04-02","","adactin.spec.js","",""
